Corporation,SDGs_round1,SDGs_round2,Source Name,Source,Source Type,Source Date,Source Author,Explicit or Implicit,Notes,Relevant Country,Project,Entryist Initials
Adobe,"4, 5, 8, 12, 13",,Adobe Alignment to UN Sustainable Development Goals,https://www.adobe.com/content/dam/acom/en/corporate-responsibility/pdfs/SDG_Alignment.pdf,PDF,8/1/18,N/A,Explicit,Adobe is a powerhouse for SDGs. but not for 3 and 11. ,U.S.,,JET
ADP,"1,2,3,4,5,8,10,13",,Corporate Social Responsibility Report,https://www.adp.com/about-adp/corporate-social-responsibility/-/media/ED7CA74E0359401EBC55042B5738772D.ashx,PDF,2/1/18,N/A,Implicit,"Very passionate about environmental sustainability and diveristy and inclusion in the workplace. They donated hundreds of thousands of dollars to Oxfam International, Habitat for Humanity, and Midas. I would say that the biggest focuses are education, diversity, and poverty (4, 10, 1). 12 (responsible consumption) and 7 (clean energy)  are internal projects for the company. ","Zambia, Uganda, Swaziland, Belize, El Salvador, Haiti, U.S., Chile, India, Romania, Philippines",,JET
Alpha Software,N/A,,N/A,N/A,N/A,N/A,N/A,NA,"I spent too long trying to look for corporate or social responsibility briefs. The company might be too small to focus on these topics, especially on an international scale.",N/A,,JET
Altum,2,,Community,https://www.altum.com/community-page/,Webpage,N/A,N/A,Implicit,They are foucsed more on their local community than the international community.,U.S.,,JET
Amazon Web Services,"7, 13, 14, 15",,AWS & Sustainability,https://aws.amazon.com/about-aws/sustainability/,Webpage,N/A,N/A,Implicit,"AWS is very into enviornmental sustainability and has supported numerous wind and solar farms. Their parent organization might be more committed to more goals, but I'm unsure if I should look at the parent organization (Amazon). ",U.S.,,JET
Arreva,N/A,,N/A,N/A,N/A,N/A,N/A,NA,The company is small and provides non-profits with software for fundraising and event planning. They do not have a sustainability branch or platform because they are small. ,N/A,,JET
Asana,10,,Real Talk: Fostering diversity and inclusion through honest conversations,https://blog.asana.com/2018/11/real-talk-event-series/,Blog,11/9/18,Allie Joel,Implicit,"It's still a start-up, so  don't think they have turned to social responsbility just yet. ",U.S.,,JET
Atlas Business Solutions,N/A,,N/A,N/A,N/A,N/A,N/A,NA,"Seems to be a very local , domestic company.",N/A,,JET
Autodesk,"7, 13, 15",,Corporate Responsibility,https://www.autodesk.com/sustainability/business-operations,Webpage,N/A,N/A,Implicit,A webpage highlighting AutoDesk's commitment to green and renewable energy.,U.S.,,JET
Autodesk,"4, 11, 19",,Who We Support,http://www.autodesk.org/who-we-support/stories/water-for-people,Webpage,N/A,N/A,Implicit,"A webpage highlighting the company's major philanthrophic partners (Water for People and MASS Design Group). These organizations work international and Implicit support goals 4 and 11, respectively.","Honduras, Bolivia, India, Malawai, Zambia",,JET
Autodesk,"7,9,11,12",,Autodesk FY2018 Sustainability Report,https://damassets.autodesk.net/content/dam/autodesk/www/sustainability/docs/pdf/autodesk-fy2018-sustainability-report.pdf,PDF,2018,N/A,Explicit,"This source is a goldmine and shows explicit support for SDG 11! Basically, they provide software for engineering and architecture projects. Recognizing the rapid urbanization that is ocurring globally, they've committed their company to envrionmental and urban sustainability. Goal 11 seems to be very important to them and theu focus on the necessity of sustainable, resilient urban growth. ",U.S.,,JET
AvePoint,N/A,,N/A,N/A,N/A,N/A,N/A,NA,It's focused more on promoting and advertising its products.,N/A,,JET
Azavea,"11, 13",,Reflections from the UN World Data Forum ,https://www.azavea.com/blog/2018/11/09/reflections-from-the-un-world-data-forum/,Blog,"November 9th, 2018",Ross Bernet,Explicit,"This article wasn't so much saying that the company does support these goals, but that they should because they are uniquely positioned to support them. The company focuses on geospatial data, so deforestation and urban growth are of particular relevance to them. ",U.S.,,JET
Bitdefender,N/A,,N/A,N/A,N/A,N/A,N/A,NA,There isn't much about CSR. ,N/A,,JET
Blackbaud,17,,Blackbaud Social Responsbility Report,https://campaign.blackbaud.com/docs/librariesprovider5/campaign-docs/2018_blackbaudsocialresponsibilityreport.pdf,CSR Report (PDF),10/23/18,N/A,Explicit,"""We support SDG 17—to revitalize the global partnership for sustainable development—with the work we do every day through technology innovations, sector research, and valuable partnerships in the social good community.""",Global,,JET
Blackbaud,11,,Blackbaud Social Responsbility Report,https://campaign.blackbaud.com/docs/librariesprovider5/campaign-docs/2018_blackbaudsocialresponsibilityreport.pdf,CSR Report (PDF),10/23/18,N/A,Implicit,"""We are proud to contribute to cities around the world where our more than 3,400 employees live and
work. We give back to every city we work in through our Blackbaud Community Matters Grants, an
employee-led program that distributes funds to local nonprofits. 2018 recipients of the grant included
organizations from around the world, like Austin Bat Cave in Austin, Football Beyond Borders in
London, Give a Dog A Bone in Glasgow, KYDS in Sydney, Girlventures in San Francisco, and Byte Back
in Washington, DC. In addition, the largest gift in our company’s history was a $1 million gift to the
International African American Museum in Charleston, South Carolina, the home of our headquarters,
which helped the organization reach funding and start the building phase.""","U.S., the United Kingdom",,
Bloomerang,N/A,,N/A,N/A,N/A,N/A,N/A,NA,"The focus of the organization is to help corporations make donations and considering that this does good, I'm not sure that they focus specifically on corporate responsbility. ",N/A,,JET
Box,N/A,,Box.org Birthday Brief,https://cloud.app.box.com/s/xbg8l4ldjvtb9g7ubp9f5yor525rhw57,Brief,N/A,N/A,NA,"Box.org partners with many non-profits, but it doesn't seem like they do much beyond lending their services to local partners.",N/A,,JET
Bytes of Learning,4,,N/A,N/A,N/A,N/A,N/A,Implicit,"It is a very small, education-based organization, so I'll say that they Implicit support SDG 4. ",U.S.,,JET
Cisco,"1,2,3,4,5,6,7,8,9,11,12,13,14,15, 17",,CSR Report 2018,https://www.cisco.com/c/dam/assets/csr/pdf/CSR-Report-2018.pdf,CSR Report (PDF),18-Dec,N/A,Explicit,"Goldmine! CSR Reports for companies continue to be the best resources for finding explicit support for UN SDGs. They not only show the support, but list donor partners and countries in which they are working with these partners. ""Cisco also recognizes the importance of the UN Sustainable Development Goals (SDGs), a set of global aspirations necessary to shift the world toward greater sustainability and resilience. Our CSR programs and strategies, many of which have been in place for more than a decade, support several of the SDGs. The alignment of Cisco’s programs with the SDGs is highlighted in our UNSDG Index here. Our CSR approach continues to focus on leveraging our technology, people, and partners to advance positive social and environmental impact. ",Global,,JET
Cisco,11,,Cities and Communities,https://www.cisco.com/c/en/us/solutions/industries/smart-connected-communities.html,Webpage,N/A,N/A,Implicit,,,,JET
Cisco,3,,Cisco Technology Grant Helps Trek Medics Build Do-It-Yourself 9-1-1 Communications Systems for Disaster-Affected Communities,https://www.trekmedics.org/blog/cisco-grant-for-disasters/,Webpage,"February 5th, 2019",N/A,Implicit,,,,JET
Cisco,3,,CSR Partner: Living Goods,https://www.cisco.com/c/en/us/about/csr/community/partners/living-goods-partner.html,Webpage,N/A,N/A,Implicit,,,,JET
CitySoft,N/A,,N/A,N/A,N/A,N/A,N/A,NA,N/A,N/A,,JET
ClickTime,N/A,,N/A,N/A,N/A,N/A,N/A,NA,N/A,N/A,,JET
Comodo,N/A,,N/A,N/A,N/A,N/A,N/A,NA,N/A,N/A,,JET
Connect2give,N/A,,N/A,N/A,N/A,N/A,N/A,NA,N/A,N/A,,JET
Dell,"3,4,7,8,9, 10,12,13,17",,Support for SDGs,https://legacyofgood.dell.com/support-sdg.htm,Webpage,N/A,N/A,Explicit,https://legacyofgood.dell.com/communities/revolutionizing-indias-rural-healthcare-through-technology.htm,India,,JET
Dharma Merchant Services,,,Dharma's Green Chart,https://dharmamerchantservices.com/green-chart/,Webpage,N/A,N/A,Implicit,,,,JET
DocuSign,"12, 13",,DocuSign Delivers Green by Saving Businesses 837 Tons of Paper and Millions in Greenbacks,https://www.docusign.com/press-releases/docusign-delivers-green-by-saving-businesses-837-tons-of-paper-and-millions-in,Webpage,N/A,N/A,Implicit,Saves paper,Local,,JET
DonorPerfect,N/A,,N/A,N/A,N/A,N/A,N/A,NA,N/A,N/A,,JET
Efficient Elements,N/A,,Corporate Social Responsbility,https://www.efficient-elements.com/csr/,Webpage,N/A,N/A,NA,They're dedicated to supported non-profits,"Germany, USA",,JET
FileMaker,N/A,,N/A,N/A,N/A,N/A,N/A,NA,N/A,N/A,,JET
Flipcause,N/A,,N/A,N/A,N/A,N/A,N/A,NA,N/A,N/A,,JET
FlixBus,"7,13, 15",,Green Travel with FlixBus,https://www.flixbus.com/company/sustainability,Webpage,N/A,N/A,Implicit,"""At FlixMobility, our goal is to provide green and smart mobility options as alternatives to the private car. Bus travel is one of the eco-friendliest modes of transportation, and at FlixBus we take sustainability to the next level."" ""FlixBus CO2 Compensation Ticket donations are financing atmosfair’s UN-accredited Gold Standard Climate Protection Project Cleaner Cook Stoves in Rwanda."" https://www.atmosfair.de/en/climate-protection-projects/energy_efficiency/rwanda/",Rwanda,,JET
GrantStation,N/A,,N/A,N/A,N/A,N/A,N/A,NA,"Small, commerical company",,,JET
Headsets.com,N/A,,N/A,N/A,N/A,N/A,N/A,NA,"Small, commerical company",N/A,,JET
Horizon DataSys,N/A,,N/A,N/A,N/A,N/A,N/A,NA,"Small, commerical company",N/A,,JET
HP Inc.,4,,"HP Commits to Educate 100,000 Across Africa in the Next Three Years, Opens HP LIFE Center for Entrepreneurship in South Africa",http://www.csrwire.com/press_releases/41593-HP-Commits-to-Educate-100-000-Across-Africa-in-the-Next-Three-Years-Opens-HP-LIFE-Center-for-Entrepreneurship-in-South-Africa,Press Release,12/3/18,N/A,Implicit,,South Africa,,JET
HP Inc.,"4, 5",,"HP, the Clooney Foundation for Justice, UNICEF and Google.org Shine Spotlight on Education",http://www.csrwire.com/press_releases/41447-HP-the-Clooney-Foundation-for-Justice-UNICEF-and-Google-org-Shine-Spotlight-on-Education,Press Release,11-Oct-18,N/A,Implicit,,Lebanon,,JET
HP Inc.,4,,HP and Girl Rising Celebrate International Day of the Girl with 12 Stories of Empowerment from Around the Glo,http://www.csrwire.com/press_releases/41446-HP-and-Girl-Rising-Celebrate-International-Day-of-the-Girl-with-12-Stories-of-Empowerment-from-Around-the-Globe,Press Release,11-Oct-18,N/A,Implicit,,"Nigeria, Uganda, DRC, Afghanistan",,JET
HP Inc.,"4,5,8,10,11, 12,13",,2017 Sustainable Impact Report,http://h20195.www2.hp.com/V2/GetDocument.aspx?docname=c05968415,PDF,,,Explicit,,,,JET
HR Solutions Partners,N/A,,N/A,N/A,N/A,N/A,N/A,NA,N/A,N/A,,JET
Intuit,"4, 13",,Intuit Corporate Social Responsbility Report,https://www.intuit.com/content/dam/intuit/intuitcom/documents/company/intuit-csr-report-2018.pdf,PDF,N/A,N/A,Implicit,"""Intuit supports the Learning for Life program, focused on improving educational outcomes for disadvantaged young Australians."" "" Projects include clean cook
stoves in India, Guatemala and Kenya, and community–based
forest preservation projects in Madagascar, Borneo, Brazil,
Zimbabwe and Sierra Leone""","United States, Australia, India, Guatemala, Kenya, Madagascar, Borneo, Brazil,
Zimbabwe, and Sierra Leone",,JET
InFocus,"3,5,9,10,16",,Corporate Responsiblity Policy,http://www.infocusresources.com/about/csr,Webpage,N/A,N/A,Implicit,"Ensure fair pay and conditions for our workers. 
Recruit locally and ensure diversity and equal opportunities in the workforce.
Respect the rights of our workforce to enter into collective bargaining arrangements and join trades unions.
Consult our workforce on our proposals, especially regards health & safety and significant organisational change.
We maintain our premises to provide a safe, healthy working environment where people want to work.
Will not tolerate any discrimination or harassment of people or others.
Ensure that no bribery, corruption or fraud occurs within our company, and that we operate in a sound and ethical way.
",United States (local),,JET
JourneyEd.com,4,,Homepage,http://www.journeyed.com/,Homepage,N/A,N/A,Implicit,,United States,,JET
Lenovo,"4,5,8,9,12,13",,2017-2018 CSR Report,https://www.lenovo.com/us/en/social_responsibility/2017.18-lenovo-sustainability-report.pdf,PDF,N/A,N/A,Explicit,"""Lenovo has well-established programs to ensure
we operate sustainably and responsibly, following
our long-standing commitment to ethical corporate
citizenship and promoting sustainability in all our
activities. We became a Global Compact signatory
in 2009. There are aspects of our business,
projects, programs and activities that we can
readily identify as contributing toward achieving
SDGs""",Global,,JET
Linksys (Belkin),"12, 16",8,Belkin Statement on Slavery and Human Trafficking,https://www.linksys.com/us/supply-chain-responsibility/,Webpage,NA,NA,Implicit,,United States,,KMW
Litmos,NA,,NA,NA,NA,NA,NA,NA,"Litmos is a training platform that can be used in the nonprofit or healthcare setting. Can be seen as education centric, but debatable",NA,,KMW
Little Green Light,17,17,About (Our Team),https://www.littlegreenlight.com/about/,Webpage,NA,NA,Implicit,"""Little Green Light helps nonprofits improve fundraising and donor relationships""",,,KMW
LogMeIn (formerly Citrix),,17,Corporate Social Responsibility,https://www.logmeininc.com/corporate-social-responsibility,Webpage,NA,NA,Implicit,"""In addition to our investments, LogMeIn employees are given 16 hours a year to volunteer and participate in a wide range of activities from sorting food at local food banks, preparing meals for the homeless and underserved, helping students with entrepreneurial skills, interview and resume writing, packing clothing and supplies for children to teaching youth programming skills.""",United States ,Mission Posibble: Employee Volunteering,KMW
LogMeIn (formerly Citrix),,4,"STEM IN, LOGMEIN’S STEM EDUCATION INITIATIVE, REACHES 500+ KIDS AROUND THE GLOBE!",https://blog.logmeininc.com/stem-in-logmeins-stem-education-initiative-reaches-500-kids-around-the-globe/,Blog,12/20/18,Paddy Srinivasan,Implicit,"""STEM In initiative to create, participate in, and sponsor engaging STEM (science, technology, engineering and math) focused activities and programs geared towards children and young adults.""","United States, India, Germany",STEM IN,KMW
LogMeIn (formerly Citrix),"2, 4, 11, 12","3, 4, 11, 12",Corporate Social Responsibility,https://www.logmeininc.com/corporate-social-responsibility,Webpage,NA,NA,Explicit,"Explicitly mentions SDGs, but did not explicitly connect programs to the SDGs they thought they addressed",United States,,KMW
Mailshell,16,16,Twitter: @Mailshell,https://twitter.com/Mailshell/status/48467199517671425,Tweet,3/17/11,@MailShell,Implicit,"""Private industry has an opportunity and responsibility to create tech innovations that help law enforcements’ efforts. http://goo.gl/UkOdA""",,,KMW
Microsoft,"4, 5, 8, 10, 11, 12, 13",,2018 Microsoft Corporate Social Responsibility report highlights,2018-Microsoft-CSR-Report-Highlights.pdf,Report,2018,NA,Implicit,,"United States, Globe",,KMW
Microsoft,"1, 2, 3, 4, 5, 6, 7, 8, 9, 10, 11, 12, 13, 14, 15, 16, 17",,Our commitment to sustainable development,https://www.microsoft.com/en-us/corporate-responsibility/un-sdgs,Webpage,NA,NA,Explicit,They just listed all the SDGs on this page; disconnect between talking about actual programs and the SDGs,,,KMW
MileIQ,NA,,MileIQ,https://www.mileiq.com/,Webpage,NA,NA,NA,MileIQ is a subsidary of Microsoft. See Microsoft SDG commitments,NA,,KMW
Mobile Beacon,"3, 4, 10, 17","4, 17",Our Mission,https://www.mobilebeacon.org/who-we-are/our-mission/,Webpage,NA,NA,Implicit,"""In a world of limited resources, we believe connecting nonprofits, schools and community anchor institutions is a critical investment in our nation’s future. Working in partnership with them, we can improve broadband access and digital literacy for millions of Americans, especially underserved groups such as the elderly, low-income and disabled.""",United States,,KMW
NonProfitEasy,17,17,Company Mission,https://www.nonprofiteasy.com/Company-Mission,Webpage,NA,NA,Implicit,"""Challenging the status quo for the greater good and changing the way nonprofits serve their communities""",,,KMW
Oracle NetSuite Social Impact,17,17,Mission,http://www.netsuite.com/portal/industries/nonprofit/social-impact.shtml,Webpage,NA,NA,Implicit,"""Our mission is to support the success of nonprofits globally through the power of cloud technology. We offer product donations and discounts, pro bono services and capacity building to support organizations of all sizes in growing their mission.""","Global, United States, United Kingdom, France, Australia, China, Hong Kong, Japan, Singapore, Netherlands, Germany, Sweden","Donations, Discounts, and Pro Bono",KMW
PayAnywhere,NA,,NA,NA,NA,NA,NA,NA,No information found regarding SDGs,NA,,KMW
People-OnTheGo,NA,,NA,http://www.people-onthego.com/,NA,NA,NA,NA,"A rather flimsy argument could be made for SDG 3 about wellbeing, since their webinars are often about mindfulness, but it's all in terms of company profit and efficiency",NA,,KMW
Priority,"2, 3",17,Priority Gives Back,https://www.priority-software.com/us/about-us/corporate-responsibility-2/,Webpage,NA,NA,Implicit,"Employee volunteer program without main commitments; ""This is achieved through packing and distributing holiday gift baskets, hosting costume parties with entertainment and surprises at a local children’s hospital, volunteer house painting for the aged and underprivileged, and harvesting fruit and vegetables several times a year, all of which are donated to needy families.""",United States,Priority Gives Back,KMW
QuestionPro,"3, 4",,,,,,,,"QuestionPro cites case studies of situations where their products were used for good things, but expresses no particular support for them.",,,KMW
QuickBooks Made Easy,17,17,About Us,https://quickbooksmadeeasy.com/about-us/,Webpage,NA,NA,Implicit,"""Presently, Gregg is teaching a live seminar designed exclusively for nonprofit organizations around the country.""",United States,Non-profit Seminar Series,KMW
Rain Design,"11, 13",,,,,,,,,,,
Reading Eggs,4,4,Who We Are,https://dev.blake.com.au/,Webpage,NA,NA,Implicit,"""Our mission is to help millions of kids around the world improve their literacy and numeracy skills in both a home and school setting.""","Australia, Global",,KMW
Reading Eggs,4,4,About Blake eLearning,https://readingeggs.com/about-blake/,Webpage,NA,NA,Implicit,"""Blake eLearning is a highly experienced team that specializes in creating high quality literacy products for schools and educators throughout the world""","United States, Global",,KMW
Refurbished Computers: Akooba,"11, 13",11,Building sustianability through environmentally responsible electronic reycling,https://www.akooba.com/electronics-recycling,Webpage,NA,NA,Implicit,"""Our Zero Landfill Policy represents our commitment to electronic recycling as we attempt to keep all electronics that pass through our facilities out of landfills.""",United States,,KMW
Refurbished Computers: BlueRange Technology,3,,Healthcare Products,http://www.bluerangetech.com/healthcare-products/,Webpage,NA,NA,Implicit,"""BlueRange Technology partners with pharmaceutical institutions, hospitals and other healthcare facilities to delivery complete IT solutions. """,United States,,KMW
Refurbished Computers: BlueRange Technology,4,4,Education: High Quality Hardware for Education Technology,http://www.bluerangetech.com/edu/,Webpage,NA,NA,Implicit,"""our full-service IT solutions offer K-12 schools new and certified refurbished computers and computer equipment,""",United States,,KMW
Refurbished Computers: InterConnection,,4,Impact: Creating Opportunity Through Access to Technology,https://interconnection.org/impact.php,Webpage,NA,NA,Implicit,"""In Chile, InterConnection provided 1,000 computers to rural schools.""",Chile,Donations to Rural Chilean Schools,KMW
Refurbished Computers: InterConnection,"1, 3, 4, 10, 17","3, 4, 17",Impact: Creating Opportunity Through Access to Technology,https://interconnection.org/impact.php,Webpage,NA,NA,Implicit,"""...bridge the digital divide.""; ""...provides a way to track and monitor cancer patients in third world countries, teach HIV education or allow an individual or family the opportunity to improve their lives.""; ""We offer laptops and desktops to low-income families and students at the lowest price possible""; ""Donations to InterConnection help us cut the average cost of setting up a computer lab in a school, library or community center by over 70%."" ; ""Every month, more than 200 nonprofits receive computers from InterConnection.""; """,Global,,KMW
Refurbished Computers: InterConnection,"11, 12, 13",11,Environmental Impact: Preserving Our Forests & Streams,https://interconnection.org/give_rec_vs_reuse.php,Webpage,NA,NA,Implicit,,NA,,KMW
Refurbished Computers: InterConnection,,4,Studio Samuel Foundation Uses Grant Computers to Teach Ethiopian Girls to Code,https://interconnection.org/studio-samuel-foundation-uses-grant-computers-to-teach-ethiopian-girls-to-code/,Blog,1/17/16,IT Admin Interconnection,Implicit,,Ethiopia,Training for Tomorrow,KMW
Refurbished Computers: InterConnection,"4, 10",4,Donations Make Meaningful Impact in Sri Lanka,https://interconnection.org/computer-donations-make-meaningful-impact-in-sri-lanka/,Webpage,NA,NA,Implicit,"""InterConnection shipped 18 computers to Care for Education, a nonprofit based in Texas, focused on community development through educational activities. The computers were then sent to Sri Lanka, where computer labs were setup in primary schools in the town of Mullaitivu.""",Sri Lanka,Care for Education Donation,KMW
Refurbished Computers: InterConnection,"4, 10",4,International: Connecting the World,https://interconnection.org/international.php,Webpage,NA,NA,Implicit,"""Manos Unidas uses computers from InterConnection to teach functional academics, independent life skills, sexual education, inclusive vocational and occupation education, and community inclusion.""",Peru,Manos Unidas Donation,KMW
Refurbished Computers: InterConnection,"4, 10",4,International: Connecting the World,https://interconnection.org/international.php,Webpage,NA,NA,Implicit,"""In Mozambique, our computers are being used by a Peace Corp Volunteer to teach students how to use a computer. The majority of these students had never used a computer before. Giving students hands on experience is especially valuable in a place like Mozambique, where applying learned concepts through practice is extremely rare.""",Mozambique,Peace Corp Sponsorship,KMW
Refurbished Computers: InterConnection,,"4, 11",Annual Report 2018,https://interconnection.org/2018-annual-report/,Report,2018,"Harry Egler, President",Implicit,"""2018 was a steady year for InterConnection as we worked to increase community awareness surrounding our mission to bridge the digital divide by providing affordable refurbished computers and high-speed internet to underserved communities in Seattle and across the U.S.

The digital divide is the economic and social inequality regarding access to information and communication technologies.""; 

""The average American household produces 176 pounds of e-waste every year, but thanks to committed supporters like you, we were able to prevent over 1 million pounds of e-waste from ending up in landfills""",United States,,KMW
Refurbished Computers: InterConnection,"1, 4,  8, 10, 17",4,National: Closing the Technology Gap in America,https://interconnection.org/national.php,Webpage,NA,NA,Implicit,"""They use our computer for their after-school tutoring program for homeless children""; ""Job training for at-risk in NYC""",United States,InterConnection National Donations Program,KMW
Refurbished Computers: PCs for People,,10,Our Mission,https://www.pcsforpeople.org/about-us/,Webpage,NA,NA,Implicit,"""In creating our recycling workforce, we have built an award winning partnership with MSS (formerly Midwest Special Services), a nonprofit that supports adults with intellectual and physical disabilities to help them reach their personal goals and achieve their full potential. MSS clients are provided hands-on experience through work training, internship and volunteer opportunities within our electronic waste recycling processes.""",United States,Midwest Special Services Partnership,KMW
Refurbished Computers: PCs for People,"3, 410, 11, 12, 13, 17","12, 17",Our Mission,https://www.pcsforpeople.org/about-us/,Webpage,NA,NA,Implicit,"""Through electronic reuse PCs for People provides the opportunity for all low-income individuals and nonprofits to benefit from the life changing impact of computers and mobile internet.""; ""Our refurbished computers have touched the lives of people around the United States enabling access to better educational, healthcare and employment opportunities""; ""PCs for People has the highest certification for environmental stewardship""",United States,,KMW
Sage,"8, 10","8, 10",Sage Foundation: Vision and Mission,https://www.sage.com/en-gb/company/sage-foundation/vision-and-mission/,Webpage,NA,NA,Implicit,"""We envision a world where all people and communities thrive because they are living with economic stability and social equality.""; ""Sage Foundation is committed to transforming lives by investing our time, money, expertise and technology to create sustainable social, economic and entrepreneurial opportunities in our local communities around the world.""",United States,Sage Foundation,KMW
Sage,"11, 12, 13, 10","10, 11, 17",About Sage: Corporate Social Responsibility,https://www.sage.com/en-gb/company/about-sage/corporate-social-responsibility/,Webpage,NA,NA,Implicit,"Mostly vague. ""We remain committed to reducing our energy consumption and related emissions where possible, as well as reducing our wider impacts such as resource use and waste to landfill.""; ""We have a Code of Ethics which recognises the importance of treating all of our employees fairly, covering issues such as responsible employment, diversity and equal opportunities.""; ""we have established a global framework for our operating companies to work within, allowing them flexibility over which area to invest in according to what will have the most meaning and impact locally""",United States,,KMW
Skillsoft,4,4,Skillsoft: Improving people's lives across the world through learning,https://www.skillsoft.com/about/corporate-social-responsibility/,Webpage,NA,NA,Implicit,"""Fundamentally, our corporate social responsibility (CSR) strategy reflects our purpose driven culture. We are passionate about learning and we are proud to share what we do with those in need.""",United States,Product Donation,KMW
Society for Nonprofits,17,17,About Us,https://www.snpo.org/aboutus/,Webpage,NA,NA,Implicit,"""Society for Nonprofits and the resources it provides helps to close those gaps in knowledge, develop stronger nonprofit leaders and grow the capacity of nonprofit organizations. """,,,KMW
Sparrow,1,"1, 5, 8",Sparrow Impact Report,https://sparrowmobile.com/wp-content/uploads/Sparrow-Impact-Report-2017-18.pdf,Report,1/31/18,NA,Implicit,"""With nearly 25 million
Americans experiencing digital poverty, for many, one of the first rungs of the ladder
— digital access — is missing. With the growing income divide, technology accelerates
the gap by leaving those who are disadvantaged even further behind.
Sparrow addresses this “last mile” (or first rung) challenge by bridging the digital
divide"" ""IMPACT FOCUS
Youth, Women, Refugees, Homeless""",United States,,KMW
Symantec,"4, 5, 8, 10, 12",4,Symantec 2018 Corporate Responsibility Report,https://www.symantec.com/content/dam/symantec/docs/reports/2018-corporate-responsibility-report-en.pdf,Report,2018,NA,Explicit,"""Through the Symantec C3 program, we not only provide students with
training in cyber security, but also offer employers access to a diverse
and motivated talent pool""",United States, Symantec Cyber Career Connection (C3),KMW
Symantec,"4, 5, 8, 10, 13","4, 5, 8, 10 ,13",Symantec 2018 Corporate Responsibility Report,https://www.symantec.com/content/dam/symantec/docs/reports/2018-corporate-responsibility-report-en.pdf,Report,2018,NA,Explicit,Page 5,United States,,KMW
Tableau Software,"1, 2, 3, 4, 5, 6, 8, 9, 10, 11, 13, 16, 16",17,Tableau : Annual Report,https://www.tableau.com/foundation#reveal--8,Report,NA,NA,Explicit,,Global,Grants Program,KMW
Tableau Software,"1, 2, 3, 4, 5, 6, 8, 9, 10, 11, 13, 16, 17","1, 2, 3, 4, 5, 6, 7, 8, 9, 10, 11, 12, 13, 14, 15, 16, 17",Tableau : Annual Report,https://www.tableau.com/foundation#reveal--8,Report,NA,NA,Explicit,Very good continuously updating infographic regarding SDG support,Global,,KMW
Tech Impact,"4, 17","4, 17",Tech Impact Annual report 2018,https://app.powerbi.com/view?r=eyJrIjoiZDkwNmIwMWYtNjRkNy00ZWI4LWFjMTItZDdkZmUyZDZhZjM1IiwidCI6IjZiNmU2ODZhLTE3YzYtNGVjNy1hY2FlLTg5NTc1YmI1NzEzOSIsImMiOjF9,Report,2018,NA,Implicit,"""We improve the lives of young adults in our communities through our ITWorks and CXWorks workforce development programs."" (2); ""Our mission is to empower nonprofits and communities to use technology to better serve our world."" (1); live data",United States,,KMW
TechBridge,"4, 10",4,Techbridge: Technology Career Program,https://techbridge.org/tcp/,Webpage,NA,NA,Implicit,"""free, part time 16-week technology and business education program designed to prepare unemployed or underemployed young adults for a career in the growing technology job market.""",United States,Technology Career Program,KMW
TechBridge,"1, 2, 3, 4, 8",17,Our Mission,https://techbridge.org/about-us/,Webpage,NA,NA,Implicit,"""TechBridge is a nonprofit that arms other nonprofits on the frontline of alleviating the causes of poverty with technology that will allow them to expand the impact of their mission for the millions of men, women and children who suffer from lack of access to shelter, food, employment, education, healthcare, and financial literacy.""",NA,,KMW
Ultralingua,3,3,Ultralingua Apps for Aid,https://www.ultralingua.com/apps-for-aid,Webpage,2012,NA,Implicit,Donate services to different international clinic organizations [whose goals also involve training a larger Haitian healthcare force],"United States, Haiti",Apps for Aid,KMW
USB Memory Direct,4,4,UMD Blog: Flash Drive Giveaway for Back to School 2012,https://www.usbmemorydirect.com/blog/back-to-school-2012-flash-drive-giveaway/,Self Published Blog,8/17/12,Administrator,Implicit,"""So we've decided to give moms a real break this year and offer something free that would not only make their lives a whole lot easier, but would also help their kids succeed academically in school, participate in rich and creative after school activities, and eat fun, healthy foods for lunch.""",United States,Flash Drive Giveaway for Back to School,KMW
USB Memory Direct,16,16,UMD Blog: Use Twitter to help us and Flash Drive for Freedom fight North Korea,https://www.usbmemorydirect.com/blog/use-twitter-help-us-flash-drives-freedom-fight-north-korea/,Self Published Blog,3/14/17,Nicholas Moller,Implicit,"""For those of you who haven't heard of Flash Drives for Freedom before, it is a project run by the Human Rights Foundation. The aim is to use flash drives to smuggle western media and news into North Korea via existing underground smuggling routes. "" Donated based on tweets","United States, North Korea",Flash Drives for Freedom,KMW
Veritas,"4, 5, 8, 9, 10, 11, 12, 13, 16",5,Vertias Corporate Responsibility Report 2017,https://www.veritas.com/content/dam/Veritas/docs/reports/Veritas_Corporate_Responsibility_Report_2017.pdf,Corproate Report,17-Dec,NA,Explicit,"""Veritas participates in the TechWomen program, an
initiative of the U.S. Department of State’s Bureau of
Educational and Cultural Affairs, designed to empower
and support the next generation of women leaders in
science, technology, engineering and mathematics
(STEM) from Africa, Central Asia and the Middle East.
In 2017, eight female Veritas employees were mentors
to three emerging technical women from Algeria, South
Africa and Kyrgyzstan. The mentees spent four weeks
at our Mountain View offices learning about Veritas and
developing their skills.""","Algeria, South Africa, Kyrgystan",TechWomen,KMW
Veritas,"4, 5, 8, 9, 10, 11, 12, 13, 16",17,Vertias Corporate Responsibility Report 2017,https://www.veritas.com/content/dam/Veritas/docs/reports/Veritas_Corporate_Responsibility_Report_2017.pdf,Corproate Report,17-Dec,NA,Explicit,"""Veritas offers global employees a Matching Gifts program in which we make
a dollar-for-dollar match of donations to nonprofit organizations meeting our
general requirements for charitable donations""",Global,Employee Matching Gifts,KMW
Veritas,"4, 5, 8, 9, 10, 11, 12, 13, 17","4, 5, 8, 9, 10, 11, 12, 13, 17",Vertias Corporate Responsibility Report 2017,https://www.veritas.com/content/dam/Veritas/docs/reports/Veritas_Corporate_Responsibility_Report_2017.pdf,Corproate Report,17-Dec,NA,Explicit,"""Veritas is a United Nations Global Compact (UNGC) signatory, a UNGC
Network USA member, and a signatory of the Women’s Empowerment
Principles, a partnership initiative of the UNGC and UN Women.""",Globe,,KMW
Western Digital,"2, 4, 10, 11, 13","2, 4, 11",Western Digial: Corporate Philanthropy,https://www.westerndigital.com/company/corporate-philanthropy,Webpage,NA,NA,Implicit,"""Emphasis is placed on educational programs, especially Science, Technology, Engineering and Math for under privileged and underrepresented youth; hunger relief; and environmental issues.""",Globe,,KMW
Western Digital,"8, 11",8,Western Digital: Corporate Social Responsibility and Labor Rights,http://www.bcsd.org.tw/2010/20091202acer_csr/11.WD.pdf,PowerPoint,9-Nov,"Gary Meister, CIO, Sr. VP Worldwide Customer Satisfaction",Implicit,"""We strive to preserve and protect the environment by reducing our
carbon footprint""; ""We help strengthen those communities by funding local charitable
organizations that work to improve education, health care and the
environment,""; ""We work to improve the living conditions that prevail in these communies""",Globe,,KMW
Western Digital,"4, 10",4,Western Digital: Scholarship Programs,https://www.westerndigital.com/company/corporate-philanthropy/scholarship-programs,Webpage,NA,NA,Implicit,"""Western Digital is committed to addressing access to STEM education for underrepresented and underprivileged students.""","China, India, Israel, Japan, Malaysia, Philippines, Thailand, United States",Scholarship Program,KMW
Western Digital,"2, 4, 11, 13",17,Western Digital: Giving Back Through Volunteering,https://www.westerndigital.com/company/corporate-philanthropy/giving-back-through-volunteering,Webpage,NA,NA,Implicit,"""employees are encouraged to ...get involved in a variety of ways such as:

Teaching and mentoring disadvantaged students in science, technology, engineering and mathematics (STEM) education
Packing meals to support hunger relief worldwide
Planting trees and picking up trash to help preserve the environment""",United States (Local),Employee Volunteering Program,KMW
Western Digital,"4, 9, 17","4, 17",Western Digital: Product Donations,https://www.westerndigital.com/company/corporate-philanthropy/product-donations,Webpage,NA,NA,Implicit,"""Western Digital provides an opportunity for nonprofit organizations and public schools to request product donations. """,NA,Product Donations,KMW
Western Digital,"2, 4, 8, 11, 13","4, 17",Western Digital: Community Grants Program,https://www.westerndigital.com/company/corporate-philanthropy/community-grants-program,Webpage,NA,NA,Implicit,"""our key areas of support:

Education
STEM, particularly programs targeted at underrepresented and/or underprivileged youth

Hunger Relief
Programs with a predominant focus on alleviating hunger locally

Environmental Preservation
Programs aimed at environmental protection or preservation, and the public education of such issues

Veterans and Military Families
Projects and programs that provide services to veterans and/or military families""","China, India, Israel, Japan, Malaysia, Philippines, Thailand, United States",Community Grants Program,KMW
Western Digital,"2, 3, 4, 8, 11, 13, 16",16,Western Digital: Global Giving Guidelines,https://www.westerndigital.com/company/corporate-philanthropy/global-giving-guidelines,Webpage,NA,NA,Implicit,"""The quality of life and education, the well-being of our employees and their families, and the economic health of our society are of vital interest to Western Digital. As a corporation, we support organizations that improve education, support hunger relief, as well as programs protecting the environment and our communities...""; ""We adopt a zero-tolerance approach to bribery and corruption wherever we operate...""",Global,,KMW
Western Digital,"3, 8, 12, 16",8,Western Digital: UK Modern Slavery / California Transparency,https://www.westerndigital.com/company/corporate-sustainability/uk-modern-slavery-california-transparency,Webpage,NA,"Stephen D. Milligan, CEO",Implicit,"""Western Digital is committed to ensuring that there is no modern slavery or human trafficking in our supply chain or in any part of our business. Western Digital does not tolerate the use of slavery, forced or compelled labor or human trafficking by our employees, contractors, business partners, or suppliers. """,NA,,KMW
Western Digital,16,16,Western Digital: U.S. Public Policy Activities,https://www.westerndigital.com/company/corporate-sustainability/us-public-policy-activities,Webpage,NA,NA,Implicit,"""the company does not have or support a political action committee and does not use corporate funds or resources for donations to local, state, or national elections whether to candidates, political parties, non-candidate organizations, Section 501(c)(4) organizations, or Section 527 organizations, or to local or state ballot measures. """,United States,,KMW
Western Digital,,11,Western Digital: Product Compliance,https://www.westerndigital.com/company/corporate-sustainability/product-compliance,Webpage,NA,NA,Implicit,"""Western Digital is striving to eliminate the use of heavy metals and toxic substances to manage environmental compliance.""",NA,,KMW
Western Digital,"12, 17","11, 16",Western Digital: Responsible Supply Chain,https://www.westerndigital.com/company/corporate-sustainability/responsible-supply-chain,Webpage,NA,NA,Implicit,"""We have established and maintain a responsible supply chain..."";  ""Western Digital strongly disapproves of the violence in the Democratic Republic of Congo (DRC) and adjoining countries and is committed to supporting responsible sourcing of conflict minerals... from the region.""; ""We continue to be an active member of the Responsible Business Alliance (RBA)...""; ""We have established and maintain a responsible supply chain due diligence program...""","United States, DRC",,KMW
Western Digital,17,11,Western Digital: Membership in Responsible Business Alliance,https://www.westerndigital.com/company/corporate-sustainability/membership-in-responsible-business-alliance,Webpage,NA,NA,Implicit,"""Western Digital actively participates in the RBA’s leadership to support continued industry progress in advancing the RBA’s mission across the electronics supply chain.""",United States,,KMW
Western Digital,"12, 13","11, 13",Western Digital: Environmental Report,https://www.wd.com/content/dam/wdc/website/about-wd/global-citizenship/WDC-GHG-Report-CY2017-Digital.pdf,Report,2017,NA,Explicit,""" As such, we support the UN Sustainable Development
Goals on Responsible Consumption and Production and Climate
Action.""",United States,,KMW
Zoner,NA,NA,NA ,NA,NA,NA,NA,NA,Diffiult to find any information about company ambitions: every description is product based.,NA,,KMW
Zoom,4,4,GlobeNewswire: Zoom Donates Video Communications Services to Technion,http://www.globenewswire.com/news-release/2018/10/25/1626739/0/en/Zoom-Donates-Video-Communications-Services-to-Technion.html,Online Article,10/25/18,GlobeNewswire,Implicit,Zoom donated tech to University in Israel that has also has a presence in the US and China,Israel,Product Donation,KMW
Zoom,"4, 8",4,"Thrive Global: Tips From the Top: One on One with Eric Yuan, Founder & CEO of Zoom",https://thriveglobal.com/stories/tips-from-the-top-one-on-one-with-eric-yuan-founder-ceo-of-zoom/,Online Article,6/27/18,Adam Mendler,Implicit,"""The Zoom book club reimburses employees and their families for books they buy. We’re always encouraging employees and their families to read and we’re happy to pick up the bill."" (Yuan, founder);  ""My focus has always been providing value to others without the expectation of anything in return. Many people are always looking for what’s in it for them."" (Yuan, Founder)",NA,Zoom Book Club,KMW
Zoom,3,3,zoomBlog: Project ECHO and Zoom: Celebrating Five Years of Saving Lives,https://blog.zoom.us/wordpress/2018/07/31/project-echo-zoom-celebrating-five-years-of-saving-lives/,Self Published Blog,7/31/18,Zoom Blog,Implicit,"“Zoom is proud to be a part of this important effort to reduce rates of chronic disease and improve healthcare in rural areas."" (Yuan, Founder); ECHO is about getting technical healthcare info and access to rural areas",United States,Project ECHO,KMW
Zoom,4,4,Video Conferencing Daily: Video Conferencing Between Schools Could Fight the Effects of a Teacher Shortage,https://www.videoconferencingdaily.com/education/video-conferencing-between-schools-could-fight-the-effects-of-a-teacher-shortage/,Online Article,6/4/18,Lilian C,Implicit,"""The vendor has donated its services to the students of two Colorado schools so they can share expert math and science teachers. Twice a week, teachers and students from advanced STEM school Highlands Ranch (school population 1,800) use the Zoom platform to speak face-to-face with their peers 100 miles away in the Arickaree School District (100 students). The groups collaborate on math, computer science, music, and poetry projects, subjects that some schools in Arickaree’s position take years to staff.""",United States,Product Donation,KMW
Zoom,"1, 4",4,zoomBlog: Case Study: Zoom & SRA Breaking the Cycle of Poverty,https://blog.zoom.us/wordpress/2017/09/05/case-study-zoom-sra-breaking-the-cycle-of-poverty/,Self Published Blog,9/5/17,Zoom Blog,Implicit,"""We are proud to help Students Rising Above in their efforts to cultivate the incredible youth that hold the keys to our future.""",United States,,KMW